출생년도,예측 교원 수,ARIMA,학급 수
2023,587.1949999999999,9539.0,414.0
2024,553.4989999999999,8978.0,390.0
2025,518.3989999999999,8417.0,365.0
2026,484.703,7856.0,341.0
2027,451.007,7295.0,317.0
2028,415.907,6734.0,292.0
2029,382.211,6173.0,268.0
2030,348.515,5612.0,244.0
2031,313.415,5051.0,219.0
2032,279.719,4490.0,195.0
2033,244.61899999999997,3929.0,170.0
2034,220.75099999999998,3530.0,153.0
2035,189.86299999999997,3017.0,131.0
