출생년도,예측 교원 수,ARIMA,학급 수
2023,540.8629999999999,9539.0,381.0
2024,509.97499999999997,8978.0,359.0
2025,477.683,8417.0,336.0
2026,446.795,7856.0,314.0
2027,414.503,7295.0,291.0
2028,383.615,6734.0,269.0
2029,351.323,6173.0,246.0
2030,320.435,5612.0,224.0
2031,289.547,5051.0,202.0
2032,257.255,4490.0,179.0
2033,226.367,3929.0,157.0
2034,203.903,3530.0,141.0
2035,174.41899999999998,3017.0,120.0
