출생년도,예측 교원 수,ARIMA,학급 수
2023,643.3549999999999,9539.0,454.0
2024,605.4469999999999,8978.0,427.0
2025,567.5389999999999,8417.0,400.0
2026,531.035,7856.0,374.0
2027,493.127,7295.0,347.0
2028,455.219,6734.0,320.0
2029,417.311,6173.0,293.0
2030,380.807,5612.0,267.0
2031,342.899,5051.0,240.0
2032,304.991,4490.0,213.0
2033,268.487,3929.0,187.0
2034,241.81099999999998,3530.0,168.0
2035,206.71099999999998,3017.0,143.0
