출생년도,예측 교원 수,ARIMA,학급 수
2023,376.59499999999997,9539.0,264.0
2024,355.535,8978.0,249.0
2025,333.071,8417.0,233.0
2026,312.011,7856.0,218.0
2027,289.547,7295.0,202.0
2028,268.487,6734.0,187.0
2029,246.02299999999997,6173.0,171.0
2030,223.55899999999997,5612.0,155.0
2031,202.499,5051.0,140.0
2032,180.035,4490.0,124.0
2033,158.975,3929.0,109.0
2034,143.53099999999998,3530.0,98.0
2035,122.471,3017.0,83.0
