출생년도,예측 교원 수,ARIMA,학급 수
2023,563.3269999999999,9539.0,397.0
2024,531.035,8978.0,374.0
2025,497.339,8417.0,350.0
2026,465.04699999999997,7856.0,327.0
2027,431.351,7295.0,303.0
2028,399.059,6734.0,280.0
2029,366.767,6173.0,257.0
2030,333.071,5612.0,233.0
2031,300.779,5051.0,210.0
2032,268.487,4490.0,187.0
2033,234.79099999999997,3929.0,163.0
2034,212.32699999999997,3530.0,147.0
2035,181.439,3017.0,125.0
